Company Name,Office Address,Google Maps Link,Website,Careers Page,HR/Recruitment Email,Phone Number,LinkedIn Company Page,Industry,Company Size (approx.),Fresher Friendly Score (1-10, est.),AI/ML Friendly Score (1-10, est.),Remote,Hybrid,Internship,Last Verified,Source URL
smartData Enterprises,"Plot No. I-23, IT City, Sector-83 Alpha, SAS Nagar, Mohali, Punjab 140306",https://www.google.com/maps/search/?api=1&query=Plot+I-23+IT+City+Sector+83+Alpha+SAS+Nagar+Mohali,https://www.smartdatainc.com/,https://www.smartdatainc.com/careers/,Not published - use careers page form,Not published,https://in.linkedin.com/company/smartdata-enterprises,IT Services / Custom Software / Healthcare-Fintech AI,1000-5000 (multiple India locations),8,7,Yes,Yes,Yes,2026-06-11,https://www.glassdoor.co.in/Reviews/smartData-Enterprises-Mohali-Reviews-EI_IE508375.0,21_IL.22,28_IC4469455.htm
Net Solutions,"Multiple Tricity offices: Mohali, Chandigarh, Panchkula (exact street address not confirmed in search)",https://www.google.com/maps/search/?api=1&query=Net+Solutions+Mohali+Chandigarh+office,https://www.netsolutions.com/,https://www.netsolutions.com/careers/,Not published - use careers page,Not published,https://in.linkedin.com/company/net-solutions,Digital Product Engineering / Web & Mobile Dev,1000-2500,7,6,Yes,Yes,Yes,2026-06-11,https://www.naukri.com/net-solutions-overview-33704
IDS Infotech Ltd,"Plot No. EL 643, Industrial Area, Phase 9, Mohali, Punjab 160065",https://www.google.com/maps/search/?api=1&query=Plot+EL+643+Industrial+Area+Phase+9+Mohali,https://idsil.com/,https://idsil.com/careers/ (verify path),Not published,Not published,Not confirmed - search linkedin.com/company/ids-infotech,IT Services / AI / Healthcare / Engineering Solutions,1000-2000 (2000+ professionals globally),7,7,Not confirmed,Yes,Yes (offers internships per company site),2026-06-11,https://idsil.com/about-us/
Bebo Technologies Pvt Ltd,"Sector 34, Chandigarh (exact address: verify via Sulekha listing)",https://www.google.com/maps/search/?api=1&query=Bebo+Technologies+Sector+34+Chandigarh,https://www.bebotechnologies.com/,https://www.bebotechnologies.com/careers (verify path),Not published - use contact form,Not published,https://in.linkedin.com/company/bebo-technologies-pvt-ltd,Software Development & QA Outsourcing,200-500,7,5,Not confirmed,Yes,Not confirmed,2026-06-11,https://www.sulekha.com/bebo-technologies-pvt-ltd-sector-34-chandigarh-contact-address
ToXSL Technologies Pvt Ltd,"C-127, Phase 8, Industrial Area, Sector 73, Mohali, Punjab",https://www.google.com/maps/search/?api=1&query=C-127+Phase+8+Industrial+Area+Sector+73+Mohali,https://toxsl.com/,https://talent.toxsl.com/jobs,Not published - use careers portal,Not published,https://in.linkedin.com/company/toxsl-technologies,Custom Software / Mobile & Web Development,200-500,9,5,Not confirmed,Yes,Yes (active Off-Campus Hiring Batch 2026-27 found),2026-06-11,https://talent.toxsl.com/jobs
Quark Software Inc. (Quark Technologies India),"A-45, Industrial Area, Phase-VIII-B, Sector 74, SAS Nagar, Mohali, Punjab 160059",https://www.google.com/maps/search/?api=1&query=A-45+Industrial+Area+Phase+8B+Sector+74+SAS+Nagar+Mohali,https://www.quark.com/,https://www.quark.com/About-Us/Careers (verify path),Not published,Not published,https://in.linkedin.com/company/quarkcity-india-pvt-limited,Content Automation / Publishing Software,500-1000,6,6,Not confirmed,Yes,Not confirmed,2026-06-11,https://chandigarhupdates.com/list-of-companies-in-quark-city-mohali/
Sourcefuse Technologies,"Quark Atrium, A-45, Phase VIII Extension, Industrial Focal Point, SAS Nagar, Mohali, Punjab 160071",https://www.google.com/maps/search/?api=1&query=Quark+Atrium+A-45+Phase+8+Extension+Industrial+Focal+Point+SAS+Nagar+Mohali,Not confirmed - search "Sourcefuse Technologies",Not confirmed,Not published,Not published,Not confirmed - search linkedin.com/company/sourcefuse,Cloud / DevOps Consulting (AWS partner),500-1000,7,6,Yes,Yes,Not confirmed,2026-06-11,https://chandigarhupdates.com/list-of-companies-in-quark-city-mohali/
Net Quall Technologies,"Quark City, Industrial Area, Sector 74, SAS Nagar, Mohali, Punjab 140308",https://www.google.com/maps/search/?api=1&query=Quark+City+Industrial+Area+Sector+74+SAS+Nagar+Mohali+Net+Quall,Not confirmed,Not confirmed,info@netquall.com,Not published,Not confirmed,IT Services,50-200,6,5,Not confirmed,Not confirmed,Not confirmed,2026-06-11,https://chandigarhupdates.com/list-of-companies-in-quark-city-mohali/
Emerson Information Technology Solutions,"3rd Floor, F-3 Tower, Landmark Plaza, Plot A-40A, Phase-VIII B, Industrial Area, SAS Nagar, Mohali, Punjab 160059",https://www.google.com/maps/search/?api=1&query=Landmark+Plaza+F3+Tower+A-40A+Phase+8B+Industrial+Area+SAS+Nagar+Mohali,Not confirmed,Not confirmed,Not published,Not published,Not confirmed,IT / Engineering Services (captive unit of Emerson Electric),500-2000,5,4,Not confirmed,Yes,Not confirmed,2026-06-11,https://chandigarhupdates.com/list-of-companies-in-quark-city-mohali/
EVRY India Pvt Ltd,"7th & 8th Floor, Landmark Plaza, F3 Towers, SEZ A-40A, Sector 62, SAS Nagar, Mohali, Punjab 160062",https://www.google.com/maps/search/?api=1&query=Landmark+Plaza+F3+Towers+SEZ+A-40A+Sector+62+SAS+Nagar+Mohali,Not confirmed,Not confirmed,Not published,Not published,Not confirmed,IT Services (Nordic-origin, now part of Tietoevry),500-1500,5,4,Not confirmed,Yes,Not confirmed,2026-06-11,https://chandigarhupdates.com/list-of-companies-in-quark-city-mohali/
Shine Dezign Infotech,"Plot F-353, Phase 8B, Industrial Area, SAS Nagar, Mohali, Punjab 140603",https://www.google.com/maps/search/?api=1&query=Plot+F-353+Phase+8B+Industrial+Area+SAS+Nagar+Mohali,Not confirmed,Not confirmed,Not published,Not published,Not confirmed,Web/Mobile App Development,50-200,6,4,Not confirmed,Yes,Not confirmed,2026-06-11,https://chandigarhupdates.com/list-of-companies-in-quark-city-mohali/
Suffescom Solutions Inc,"D-256, 3rd Floor, Phase 8A, Industrial Area, Mohali, Punjab 160055",https://www.google.com/maps/search/?api=1&query=D-256+3rd+Floor+Phase+8A+Industrial+Area+Mohali,Not confirmed - search "Suffescom Solutions",Not confirmed,Not published,Not published,Not confirmed - search linkedin.com/company/suffescom-solutions,Blockchain / Web3 / App Development,200-500,6,5,Yes,Yes,Not confirmed,2026-06-11,https://www.justdial.com/Mohali/Suffescom-Solutions-Inc/0172PX172-X172-230804170603-J2K6_BZDET
Growth Natives,"Mohali, Punjab (recently relocated office; exact address not confirmed)",https://www.google.com/maps/search/?api=1&query=Growth+Natives+Mohali,https://growthnatives.com/,https://growthnatives.com/careers (verify path),Not published,Not published,Not confirmed - search linkedin.com/company/growth-natives,Digital Marketing / AI-driven Growth,200-500,6,6,Yes,Yes,Not confirmed,2026-06-11,https://growthnatives.com/blogs/press-release/growth-natives-expands-horizons-with-a-sparkling-new-office-space/
CrossML Pvt Ltd,"Industrial Area Phase 1, Chandigarh (opp. Hyatt Regency)",https://www.google.com/maps/search/?api=1&query=CrossML+Industrial+Area+Phase+1+Chandigarh+opposite+Hyatt+Regency,https://www.crossml.com/,https://www.crossml.com/contact-us/,Not published - use contact form,Not published,Not confirmed - search linkedin.com/company/crossml,AI/ML Consulting & Development,50-200,7,9,Yes,Yes,Not confirmed,2026-06-11,https://www.crossml.com/contact-us/
Softleoai,"Mohali, Punjab (exact address not confirmed)",https://www.google.com/maps/search/?api=1&query=Softleoai+Mohali,Not confirmed - search "Softleoai",Not confirmed,Not published,Not published,Not confirmed,Custom Software / AI / ML Solutions,11-50,6,8,Yes,Yes,Not confirmed,2026-06-11,https://www.designrush.com/agency/ai-companies/in/mohali
MoogleLabs,"Mohali, Punjab (also has Ontario, Canada office; exact India address not confirmed)",https://www.google.com/maps/search/?api=1&query=MoogleLabs+Mohali,Not confirmed - search "MoogleLabs",Not confirmed,Not published,Not published,Not confirmed - search linkedin.com/company/mooglelabs,AI / Blockchain / ML / DevOps Consulting,50-200,6,8,Yes,Yes,Not confirmed,2026-06-11,https://www.designrush.com/agency/ai-companies/in/mohali
Apptunix,"Mohali, Punjab (global offices in US/UK/UAE; exact India address not confirmed)",https://www.google.com/maps/search/?api=1&query=Apptunix+Mohali,Not confirmed - search "Apptunix",Not confirmed,Not published,Not published,Not confirmed - search linkedin.com/company/apptunix,AI-Powered Product Engineering,200-500,6,7,Yes,Yes,Not confirmed,2026-06-11,https://www.designrush.com/agency/ai-companies/in/mohali
Fusion Informatics,"Chandigarh (HQ Ahmedabad; exact Chandigarh address not confirmed)",https://www.google.com/maps/search/?api=1&query=Fusion+Informatics+Chandigarh,https://www.fusioninformatics.com/,Not confirmed - use contact form,Not published,Not published,Not confirmed - search linkedin.com/company/fusion-informatics,AI / Mobile App Development,200-500,5,7,Yes,Yes,Not confirmed,2026-06-11,https://www.fusioninformatics.com/top-artificial-intelligence-development-company-in-ludhiana-chandigarh.html
Webtunix AI,"Chandigarh (exact address not confirmed)",https://www.google.com/maps/search/?api=1&query=Webtunix+AI+Chandigarh,https://www.webtunix.com/,Not confirmed - use contact form,Not published,Not published,Not confirmed - search linkedin.com/company/webtunix,AI / Data Science Consulting,11-50,6,8,Yes,Yes,Not confirmed,2026-06-11,https://www.webtunix.com/
Tech Mahindra,"Quark City / IT Park area, Mohali-Chandigarh (large multi-site employer; exact unit address not confirmed)",https://www.google.com/maps/search/?api=1&query=Tech+Mahindra+Mohali+Chandigarh,https://www.techmahindra.com/,https://careers.techmahindra.com/,Not published,Not published,https://www.linkedin.com/company/tech-mahindra,IT Services / BPO / Telecom,100000+ (global),7,5,Not confirmed,Yes,Yes,2026-06-11,https://chandigarhupdates.com/list-of-companies-in-quark-city-mohali/
Infosys BPM (Chandigarh),"Plot No. 22 & 23, Block A-B, Ground Floor, DLF Building, Rajiv Gandhi Chandigarh Technology Park, Kishangarh, Chandigarh",https://www.google.com/maps/search/?api=1&query=Plot+22+23+DLF+Building+Rajiv+Gandhi+Chandigarh+Technology+Park+Kishangarh+Chandigarh,https://www.infosysbpm.com/,https://career.infosysbpm.com/,Not published,Not published,https://www.linkedin.com/company/infosysbpm,IT/BPM Services,100000+ (global),8,5,Not confirmed,Yes,Yes,2026-06-11,https://www.brandveda.in/blog/it-companies-in-chandigarh
Sebiz Infotech,"Sebiz Square, Sector 67, SAS Nagar, Mohali, Punjab",https://www.google.com/maps/search/?api=1&query=Sebiz+Square+Sector+67+SAS+Nagar+Mohali,Not confirmed - search "Sebiz Infotech",Not confirmed,Not published,Not published,Not confirmed - search linkedin.com/company/sebiz-infotech,Web Development / Digital Marketing / E-learning,200-500,6,4,Yes,Yes,Not confirmed,2026-06-11,https://360digitmg.com/blog/what-are-the-best-it-companies-in-mohali
Vismaad Labs,"Mohali, Punjab (exact address not confirmed)",https://www.google.com/maps/search/?api=1&query=Vismaad+Labs+Mohali,Not confirmed - search "Vismaad Labs",Not confirmed,Not published,Not published,Not confirmed,Web & Mobile App Development / Digital Agency,50-200,6,4,Yes,Yes,Not confirmed,2026-06-11,https://360digitmg.com/blog/what-are-the-best-it-companies-in-mohali
Webguruz Technologies,"Mohali, Punjab (exact address not confirmed)",https://www.google.com/maps/search/?api=1&query=Webguruz+Technologies+Mohali,Not confirmed - search "Webguruz Technologies",Not confirmed,Not published,Not published,Not confirmed,Web/Mobile Development / Digital Marketing,50-200,6,4,Yes,Yes,Not confirmed,2026-06-11,https://360digitmg.com/blog/what-are-the-best-it-companies-in-mohali
RV Technologies,"Mohali, Punjab (exact address not confirmed)",https://www.google.com/maps/search/?api=1&query=RV+Technologies+Mohali,Not confirmed - search "RV Technologies Mohali",Not confirmed,Not published,Not published,Not confirmed,Software / Web / Mobile / E-commerce Development,50-200,6,4,Yes,Yes,Not confirmed,2026-06-11,https://360digitmg.com/blog/what-are-the-best-it-companies-in-mohali
NetSet Software Solutions,"Mohali, Punjab (exact address not confirmed)",https://www.google.com/maps/search/?api=1&query=NetSet+Software+Solutions+Mohali,Not confirmed - search "NetSet Software Solutions",Not confirmed,Not published,Not published,https://www.linkedin.com/company/netsetsoftware,Custom Software / Cloud Computing,50-200,6,5,Yes,Yes,Not confirmed,2026-06-11,https://360digitmg.com/blog/what-are-the-best-it-companies-in-mohali
Code Brew Labs,"Mohali, Punjab (exact address not confirmed)",https://www.google.com/maps/search/?api=1&query=Code+Brew+Labs+Mohali,Not confirmed - search "Code Brew Labs",Not confirmed,Not published,Not published,Not confirmed,Mobile App Development,200-500,6,5,Yes,Yes,Not confirmed,2026-06-11,https://360digitmg.com/blog/what-are-the-best-it-companies-in-mohali
Debut Infotech,"Mohali, Punjab (exact address not confirmed)",https://www.google.com/maps/search/?api=1&query=Debut+Infotech+Mohali,Not confirmed - search "Debut Infotech",Not confirmed,Not published,Not published,Not confirmed,Web Dev / Blockchain / Enterprise Software,200-500,6,6,Yes,Yes,Not confirmed,2026-06-11,https://360digitmg.com/blog/what-are-the-best-it-companies-in-mohali
Mindfire Solutions,"Mohali/Chandigarh, Punjab (exact address not confirmed; HQ Bhubaneswar)",https://www.google.com/maps/search/?api=1&query=Mindfire+Solutions+Mohali+Chandigarh,Not confirmed - search "Mindfire Solutions",Not confirmed,Not published,Not published,https://www.linkedin.com/company/mindfire-solutions,Offshore Software Development,500-1000,6,5,Yes,Yes,Not confirmed,2026-06-11,https://360digitmg.com/blog/what-are-the-best-it-companies-in-mohali
PTC India,"Rajiv Gandhi Chandigarh Technology Park, Chandigarh (exact unit not confirmed)",https://www.google.com/maps/search/?api=1&query=PTC+Rajiv+Gandhi+Chandigarh+Technology+Park,https://www.ptc.com/,https://www.ptc.com/en/careers,Not published,Not published,https://www.linkedin.com/company/ptc,Product Development Software / IoT / AR,10000+ (global),6,6,Not confirmed,Yes,Yes,2026-06-11,https://360digitmg.com/blog/what-are-the-best-it-companies-in-mohali

Seasia Infotech,"C-136, Industrial Area, Phase 8, Mohali, Punjab",https://www.google.com/maps/search/?api=1&query=C-136+Industrial+Area+Phase+8+Mohali,https://www.seasiainfotech.com/,https://www.seasiainfotech.com/careers (verify path),Not published,Not published,https://in.linkedin.com/company/seasia-infotech,IT Consulting / Software Solutions (CMMI Level 5),1000+ (multiple global offices: Australia/Canada/US/UK/Ghana),8,6,Yes,Yes,Yes (typical for CMMI-5 firms - verify),2026-06-11,https://www.justdial.com/jdmart/Chandigarh/Seasia-Infotech-NEAR-VODAFONE-OFFICE-Industrial-Area-Phase-7/0172PX172-X172-170922203558-G7V1_BZDET/catalogue
TaskUs (Mohali),"Airport Road, Sector 82, Mohali, Punjab",https://www.google.com/maps/search/?api=1&query=TaskUs+Airport+Road+Sector+82+Mohali,https://www.taskus.com/locations/india/mohali/,https://www.taskus.com/careers/,Not published,Not published,https://www.linkedin.com/company/taskus,BPO / Technical Support / Customer Experience,1000+ (large global BPO),8,3,Not confirmed,Not confirmed,Yes (entry-level hiring common at BPOs),2026-06-11,https://www.taskus.com/locations/india/mohali/
Connecting The Dots,"Chandigarh & Mohali (multiple BPO sites; exact address not confirmed)",https://www.google.com/maps/search/?api=1&query=Connecting+The+Dots+BPO+Chandigarh+Mohali,Not confirmed - search "Connecting The Dots BPO",Not confirmed,Not published,Not published,Not confirmed,BPO / Call Centre (Inbound, Email, Chat, Tech Support),200-1000,9,2,Not confirmed,Not confirmed,Not confirmed,2026-06-11,https://www.naukri.com/job-listings-bpo-call-centre-hiring-salary-upto-33-k-in-chandigarh-mohali-connecting-the-dots-mohali-chandigarh-panchkula-0-to-5-years-041119000221
Pyramid Global Technologies,"Mohali, Punjab (exact address not confirmed)",https://www.google.com/maps/search/?api=1&query=Pyramid+Global+Technologies+Mohali,https://www.pyramidglobaltechnologies.com/,https://www.pyramidglobaltechnologies.com/current-openings.html,Not published,Not published,Not confirmed - search linkedin.com/company/pyramid-global-technologies,Managed IT Services / Power BI & Data roles,200-500,7,6,Not confirmed,Yes,Not confirmed,2026-06-11,https://www.pyramidglobaltechnologies.com/current-openings.html
Webdew,"World Tech Tower, C-203, Sector 74, SAS Nagar, Mohali, Punjab 160055",https://www.google.com/maps/search/?api=1&query=World+Tech+Tower+C-203+Sector+74+SAS+Nagar+Mohali,https://www.webdew.com/,https://careers.webdew.com/,Not published,Not published,https://www.linkedin.com/company/webdew,Digital Marketing Agency / Web Dev,50-200,6,4,Yes,Yes,Yes (careers blog actively posts hiring content),2026-06-11,https://careers.webdew.com/blogs/top-it-companies-in-chandigarh/
Net Gains Pvt Ltd,"Rajiv Gandhi IT Park, Chandigarh (exact plot not confirmed)",https://www.google.com/maps/search/?api=1&query=Net+Gains+Rajiv+Gandhi+IT+Park+Chandigarh,Not confirmed - search "Net Gains Chandigarh",Not confirmed,Not published,Not published,Not confirmed,Business Consulting IT Services (BFSI focus),200-500,6,5,Not confirmed,Yes,Not confirmed,2026-06-11,https://www.brandveda.in/blog/it-companies-in-chandigarh
Omninos Technologies,"Mohali/Tricity, Punjab (exact address not confirmed)",https://www.google.com/maps/search/?api=1&query=Omninos+Technologies+Mohali,Not confirmed - search "Omninos Technologies",Not confirmed,Not published,Not published,Not confirmed,Mobile App Development,50-200,6,4,Yes,Yes,Not confirmed,2026-06-11,https://kharar.punjabonline.in/software-companies/34738
Weavebytes,"SCO 48-49, Above Dominos Pizza, Sector 127, Kharar, Punjab 140301",https://www.google.com/maps/search/?api=1&query=SCO+48-49+Above+Dominos+Pizza+Sector+127+Kharar,Not confirmed - search "Weavebytes",Not confirmed,Not published,Not published,Not confirmed,Software Development (small/local),11-50,7,4,Not confirmed,Not confirmed,Not confirmed,2026-06-11,https://kharar.punjabonline.in/software-companies/34738

Wits Innovation Lab,"SCO 73-B, 1st Floor, City Heart, Mohali, Punjab 140301",https://www.google.com/maps/search/?api=1&query=SCO+73-B+1st+Floor+City+Heart+Mohali,https://www.thewitslab.com/,https://www.thewitslab.com/careers (verify path),info@thewitslab.com,Not published,https://in.linkedin.com/company/thewitslab,Digital Transformation / IoT / BI / Custom Software,500-1000 (600+ engineers per Wellfound),8,6,Not confirmed,Yes,Yes (CS/AI fresher positions found),2026-06-11,https://www.glassdoor.co.in/Location/WITS-Innovation-Lab-Mohali-Location-EI_IE5911867.0,19_IL.20,26_IC4469455.htm
Drish Infotech,"SCO 104-106, 4th Floor, Sub City Center, Sector 34A, Chandigarh 160034",https://www.google.com/maps/search/?api=1&query=SCO+104-106+4th+Floor+Sub+City+Center+Sector+34A+Chandigarh,Not confirmed - search "Drish Infotech",Not confirmed,Not published,Not published,Not confirmed,Software Development / IT Services,50-200,6,4,Not confirmed,Yes,Not confirmed,2026-06-11,https://yellowpages.webindia123.com/local-dpy/Chandigarh/Chandigarh/Sector-34/160022/IT-Companies-577/1/
ThinkNEXT Technologies,"SCO 112-113, 1st Floor, Sector 34A, Chandigarh 160022",https://www.google.com/maps/search/?api=1&query=SCO+112-113+1st+Floor+Sector+34A+Chandigarh,https://www.thinknext.co.in/,Not confirmed,Not published,Not published,Not confirmed - search linkedin.com/company/thinknext-technologies,IT Services + Training Institute (verify which division is hiring vs. selling courses),50-200,6,5,Not confirmed,Yes,"Yes - but primarily known as a paid training institute, see Deliverable 10b for fee caveats",2026-06-11,https://yellowpages.webindia123.com/local-dpy/Chandigarh/Chandigarh/Sector-34/160022/IT-Companies-577/1/
Ink Web Solutions,"SCO 58-59, 3rd Floor, Sector 34-A, Chandigarh",https://www.google.com/maps/search/?api=1&query=SCO+58-59+3rd+Floor+Sector+34A+Chandigarh,Not confirmed - search "Ink Web Solutions Chandigarh",Not confirmed,Not published,Not published,Not confirmed,Web Development,11-50,6,3,Not confirmed,Yes,Not confirmed,2026-06-11,https://yellowpages.webindia123.com/local-dpy/Chandigarh/Chandigarh/Sector-34/160022/IT-Companies-577/1/
CS Soft Solutions,"SCO 2451, Sector 22-C, Chandigarh 160022 (also listed at 217/6 Acme Height Extension 2, Sector 117, SAS Nagar - verify which is current)",https://www.google.com/maps/search/?api=1&query=SCO+2451+Sector+22C+Chandigarh,Not confirmed - search "CS Soft Solutions Chandigarh",Not confirmed,Not published,Not published,Not confirmed,IT Services (founded 2009),50-200,6,4,Not confirmed,Yes,Not confirmed,2026-06-11,"https://yellowpages.webindia123.com/local-dpy/Chandigarh/Chandigarh/Sector-34/160022/IT-Companies-577/1/ ; https://www.justdial.com/Mohali/Software-Companies-in-Mohali-Sector-91/nct-10443565/page-2"
TCIL IT,"SCO 301718, 2nd Floor, Opp. Kisan Bhavan (Bijwara Market), Sector-22D, Chandigarh 160022",https://www.google.com/maps/search/?api=1&query=SCO+301718+Sector+22D+Chandigarh+opposite+Kisan+Bhavan,Not confirmed - search "TCIL IT Chandigarh",Not confirmed,Not published,Not published,Not confirmed,IT Services,50-200,5,3,Not confirmed,Yes,Not confirmed,2026-06-11,https://yellowpages.webindia123.com/local-dpy/Chandigarh/Chandigarh/Sector-34/160022/IT-Companies-577/1/
JewelnMe Private Limited,"Mohali, Punjab (exact address not confirmed - small startup, formed Aug 2021)",https://www.google.com/maps/search/?api=1&query=JewelnMe+Private+Limited+Mohali,Not confirmed - search "JewelnMe Mohali",Not confirmed,Not published,Not published,Not confirmed,Fintech / Payments Startup,11-50,5,3,Not confirmed,Not confirmed,Not confirmed,2026-06-11,https://wellfound.com/startups/location/chandigarh

Trigma,"Plot No. 228, JLPL Industrial Estate, Sector 82, SAS Nagar, Mohali, Punjab",https://www.google.com/maps/search/?api=1&query=Plot+No+228+JLPL+Industrial+Estate+Sector+82+Mohali,https://trigma.com/,https://trigma.com/careers/,Not published - use careers page form,Not published,https://www.linkedin.com/company/trigma,AI Development / Custom Software & App Development,200-500 (200+ professionals),7,7,Yes,Yes,Not confirmed,2026-06-11,https://trigma.com/contact-us/
Relinns Technologies,"303, C-184, STPI Building, 3rd Floor, Sector 75 (Phase 8A Industrial Area), SAS Nagar, Mohali, Punjab 160055",https://www.google.com/maps/search/?api=1&query=C-184+STPI+Building+Sector+75+Phase+8A+Industrial+Area+Mohali,https://relinns.com/,https://careers.relinns.com/,hr@relinns.com,+91 70090 75311,https://in.linkedin.com/company/relinns-technologies,Software Development / AI-ML / Mobile & Web Dev,100-250,8,7,Yes,Yes,Yes (paid internships incl. AI/ML, video editing),2026-06-11,https://careers.relinns.com/
Bits in Glass,"Plot No. C-212, Ground Floor, Phase 8-B, Industrial Area, Sector 74, SAS Nagar, Mohali, Punjab 160055",https://www.google.com/maps/search/?api=1&query=Plot+C-212+Phase+8B+Industrial+Area+Sector+74+Mohali,https://bitsinglass.com/,https://bitsinglass.com/careers/,Not published - use careers page form,Not published,https://www.linkedin.com/company/bits-in-glass,Digital Transformation / Low-Code (Appian, Salesforce) Consulting,250-500 (global, India delivery center in Mohali),6,5,Not confirmed,Yes,Not confirmed,2026-06-11,https://bitsinglass.com/contact-us/
Code Garage Tech,"Cabin Number 2, D-185, Near Industrial Area, SAS Nagar, Mohali, Punjab 160055",https://www.google.com/maps/search/?api=1&query=D-185+Near+Industrial+Area+SAS+Nagar+Mohali,Not confirmed - search "Code Garage Tech Mohali",Not published - email CV directly,hr@codegaragetech.com,8288983623,https://in.linkedin.com/company/codegarage-tech,Open Source / Ruby on Rails Web Development,11-50,7,4,Not confirmed,Yes,Not confirmed,2026-06-11,https://www.justdial.com/Mohali/Code-Garage-Tech-Near-Industrial-Area-Mohali-Sas-Nagar/0172PX172-X172-180531193857-R1U1_BZDET
Tech Arch Softwares Pvt Ltd,"Twin Tower, Plot No. 7, 6th Floor, IT Park, Sector 22, Panchkula, Haryana",https://www.google.com/maps/search/?api=1&query=Twin+Tower+Plot+7+6th+Floor+IT+Park+Sector+22+Panchkula,Not confirmed - search "Tech Arch Softwares Panchkula",Not confirmed,Not published,Not published,Not confirmed - search linkedin.com/company/tech-arch-softwares,IT Services / Software Development,51-200,7,5,Not confirmed,Yes,Not confirmed,2026-06-11,https://7knetwork.com/it-companies-in-panchkula/
Netqom Software,"Twin Tower, Plot No. 7, 6th Floor, IT Park, Sector 22, Panchkula, Haryana",https://www.google.com/maps/search/?api=1&query=Twin+Tower+Plot+7+6th+Floor+IT+Park+Sector+22+Panchkula,Not confirmed - search "Netqom Software Panchkula",Not confirmed,Not published,Not published,Not confirmed - search linkedin.com/company/netqom-software,IT Services / Software Development (offers ~3-4.5 LPA to freshers per source),51-200,7,5,Not confirmed,Yes,Not confirmed,2026-06-11,https://7knetwork.com/it-companies-in-panchkula/
SB Innovations,"HSIDC, Plot No. 09, Ground Floor, DLF Square, Sector 22, IT Park Road, Panchkula, Haryana",https://www.google.com/maps/search/?api=1&query=HSIDC+Plot+9+DLF+Square+Sector+22+IT+Park+Road+Panchkula,Not confirmed - search "SB Innovations Panchkula",Not confirmed,Not published,Not published,Not confirmed - search linkedin.com/company/sb-innovations,IT Services / Software Development (offers ~2.5-4 LPA to freshers per source),11-50,6,4,Not confirmed,Yes,Not confirmed,2026-06-11,https://7knetwork.com/it-companies-in-panchkula/

Nagarro,"Room No. 11, W2L, 2nd Floor, Magnet Cowork, Godrej Eternia, Industrial Area Phase 1, Chandigarh 160002",https://www.google.com/maps/search/?api=1&query=Magnet+Cowork+Godrej+Eternia+Industrial+Area+Phase+1+Chandigarh,https://www.nagarro.com/,https://www.nagarro.com/en/careers/job-search,Not published - use careers page form,Not published,https://www.linkedin.com/company/nagarro,IT Services / Digital Product Engineering,17000+ globally (Chandigarh is a smaller hub office),6,6,Yes,Yes,Not confirmed,2026-06-11,https://www.glassdoor.co.in/Location/All-Nagarro-Office-Locations-E240077.htm
Grazitti Interactive,"Chandigarh / Panchkula (exact street address not confirmed in search - check careers page)",https://www.google.com/maps/search/?api=1&query=Grazitti+Interactive+Chandigarh+Panchkula,https://www.grazitti.com/,https://www.grazitti.com/company/careers/job-listing/,Not published - use careers page form,Not published,https://www.linkedin.com/company/grazitti-interactive,Digital Marketing / Salesforce & Marketing Tech Consulting,500-1000,7,5,Yes,Yes,Yes (regularly posts fresher PHP/QA roles),2026-06-11,https://www.naukri.com/grazitti-interactive-jobs-careers-911276
Safaltek,"SCO 66-67, 2nd Floor, 17A, Sector 17, Chandigarh 160017",https://www.google.com/maps/search/?api=1&query=SCO+66-67+2nd+Floor+17A+Sector+17+Chandigarh,Not confirmed - search "Safaltek Chandigarh",Not confirmed,Not published,Not published,Not confirmed - search linkedin.com/company/safaltek,IT Services / Web & Software Development,51-200,6,4,Not confirmed,Yes,Not confirmed,2026-06-11,https://careers.webdew.com/blogs/top-it-companies-in-chandigarh/
Multi Dimension Web Solutions Pvt Ltd,"SCO 89-D, City Heart, Janta Nagar, Kharar, SAS Nagar, Punjab 140301",https://www.google.com/maps/search/?api=1&query=SCO+89-D+City+Heart+Janta+Nagar+Kharar,https://www.multidimensionwebsolutions.com/,Not confirmed - use contact form,Not published,+91 9915308533 / +91 9915380033,https://in.linkedin.com/company/multidimensionwebsolutions,Web Design / Development / Digital Marketing / SAP,11-50,5,3,Not confirmed,Yes,Not confirmed,2026-06-11,https://www.indiamart.com/multi-dimension-web-solutions/aboutus.html
E9 Solutions,"No. 3/4, Shivalik Vihar, Patiala Road, Zirakpur, Chandigarh 140603",https://www.google.com/maps/search/?api=1&query=Shivalik+Vihar+Patiala+Road+Zirakpur,Not confirmed - search "E9 Solutions Zirakpur",Not confirmed,Not published,Not published,Not confirmed,IT Services / Software Development,11-50,5,3,Not confirmed,Not confirmed,Not confirmed,2026-06-11,https://www.sulekha.com/e9-solutions-zirakpur-chandigarh-contact-address
Obelisk Infotech,"Shop No. 16, New Defence Colony, Zirakpur Road, Zirakpur, Punjab 140603",https://www.google.com/maps/search/?api=1&query=New+Defence+Colony+Zirakpur+Road+Zirakpur,Not confirmed - search "Obelisk Infotech Zirakpur",Not confirmed,Not published,Not published,Not confirmed,IT Services / Software Development,11-50,5,3,Not confirmed,Not confirmed,Not confirmed,2026-06-11,https://www.sulekha.com/obelisk-infotech-zirakpur-road-zirakpur-contact-address

Soft Radix Technologies Pvt Ltd,"SM Heights, C-205, 3rd Floor, Phase 8B, Industrial Area, Mohali, Punjab 160055",https://www.google.com/maps/search/?api=1&query=SM+Heights+C-205+3rd+Floor+Phase+8B+Industrial+Area+Mohali,https://softradix.com/,https://softradix.com/careers,Not published - use careers page,Not published,Not confirmed - search linkedin.com/company/soft-radix-technologies,Mobile/Web Development / AI Services / Digital Marketing,50-200,7,8,Yes,Yes,Not confirmed,2026-06-14,https://in.indeed.com/cmp/Soft-Radix-Technologies
RevClerx Pvt Ltd,"Bestech Business Tower, Sector 65, SAS Nagar, Mohali, Punjab 160062 (also Sec-83A, Mohali office)",https://www.google.com/maps/search/?api=1&query=Bestech+Business+Tower+Sector+65+SAS+Nagar+Mohali,https://www.revclerx.com/,Not confirmed - use job portal listings,hr@revclerx.com,0172-5093939,https://in.linkedin.com/company/revclerx,BPO / IT Services / Digital Marketing (QA, .NET, BDE roles),200-500,7,3,Not confirmed,Yes,Not confirmed,2026-06-14,https://www.justdial.com/Chandigarh/Revclerx-Pvt-Ltd/0172PX172-X172-221202011310-Z7S7_BZDET
Finalrope Soft Solutions Pvt Ltd,"H.No. 66, Golden City, Mundi Kharar, Kharar, Punjab 140301",https://www.google.com/maps/search/?api=1&query=Golden+City+Mundi+Kharar+Punjab,Not confirmed - search "Finalrope Soft Solutions",Not confirmed,Not published,Not published,https://www.facebook.com/finalrope/,AI/ML Recruitment-Tech (AI-driven candidate assessment platform),11-50,6,8,Yes,Yes,Not confirmed,2026-06-14,https://www.zaubacorp.com/FINALROPE-SOFT-SOLUTIONS-PRIVATE-LIMITED-U72900PB2020PTC052003
Cywarden Global Services Pvt Ltd,"Mohali, Punjab (Chandigarh AI/ML roles posted; exact address not confirmed)",https://www.google.com/maps/search/?api=1&query=Cywarden+Global+Services+Mohali+Chandigarh,https://cywarden.com/,Not confirmed - use job portal listings,Not published,Not published,https://in.linkedin.com/company/cywarden,Managed Cybersecurity / AI-driven Threat Operations (Cyforte.ai),50-200,6,8,Yes,Yes,Not confirmed,2026-06-14,"https://in.indeed.com/q-cywarden-l-chandigarh,-chandigarh-jobs.html"
Matrid Technologies,"Plot No. 962, Sector 82, Mohali, Punjab",https://www.google.com/maps/search/?api=1&query=Plot+962+Sector+82+Mohali,https://matridtech.net/,"https://matridtech.net/software-training-with-placement1/ (verify - also runs paid training, see Deliverable 10)",vivek@matridtech.net,+91 84275 33101,Not confirmed - search linkedin.com/company/matrid-technologies,Custom Software Development / IT Outsourcing (PHP/.NET/Android),50-200,7,4,Not confirmed,Yes,"Yes - but verify training-fee model first, see Deliverable 10",2026-06-14,https://www.naukri.com/matrid-technologies-jobs-careers-in-mohali-gid-771686
Weballures Technologies Pvt Ltd,"SCF 60, Top Floor, Phase 10, Mohali, Punjab 160064",https://www.google.com/maps/search/?api=1&query=SCF+60+Top+Floor+Phase+10+Mohali,https://www.weballures.com/,Not confirmed - use job portal listings,Not published,Not published,Not confirmed - search linkedin.com/company/weballures,Web Design & Development / SEO,11-50,6,3,Not confirmed,Yes,"Yes (8-month training + placement, INR 15000 stipend, then ~3 LPA)",2026-06-14,https://www.sulekha.com/weballures-technologies-pvt-ltd-sas-nagar-mohali-contact-address

NOTE_GROWTH_SIGNAL,"Infosys and Tech Mahindra are reported to be planning to hire 5,000-10,000 new staff combined in the Mohali/Chandigarh region over the next two years (per marketmystique.com/it-companies-in-mohali) - if accurate, this is the single strongest fresher-hiring signal found across all research. Both companies already listed above (Infosys BPM, Tech Mahindra) - prioritize their official career portals and campus-hiring channels.",,,,,,,,,,,,,,,,
NOTE_ADDR_UPDATE,"Updated/additional addresses found for companies already listed above: Infosys BPM also has listing at 'Block A and B, Plot Number 2, IT Park, Chandigarh, Phone 0172-5021100' (source: brandveda.in/blog/it-companies-in-chandigarh - cross-check against the Kishangarh DLF Building address listed earlier, both may be correct for different blocks of the same IT Park). Tech Mahindra also listed at 'Plot Number 10, Rajiv Gandhi IT Park, Chandigarh, Phone 0172-5055200' (same source). IDS Infotech additional Chandigarh addresses: I-8 Rajiv Gandhi Technology Park; SCO 45-47 Sector 26, Madhya Marg; SCO 146-149 Sector 34-A (source: webdew careers blog).",,,,,,,,,,,,,,,,
NOTE,"This is Phase 1 of Deliverable 2 (~28 companies, all real and sourced). Reaching 200 verified entries with HR/recruitment emails and direct phone numbers is not realistic via public search - most companies route all hiring through ATS portals (careers page links above) rather than publishing email/phone. Use the search-link toolkit in 03 and 04 to expand this list with current, live listings.",,,,,,,,,,,,,,,

NCR_SECTION,"=== DELHI-NCR companies (Noida / Gurugram / Delhi) - added 2026-06-14. These are large/established NCR tech employers with strong, recurring fresher (campus + off-campus) pipelines. Almost all route hiring through their careers portals/ATS rather than publishing a recruitment phone or email - apply via the Careers Page column. Phone numbers shown are general corporate switchboards (verify) only where a useful one was found.",,,,,,,,,,,,,,,,
HCLTech,"Noida (HQ): Plot No. 3A, Sector 126, Noida 201304; also Gurugram",https://www.google.com/maps/search/?api=1&query=HCLTech+Sector+126+Noida,https://www.hcltech.com/,https://www.hcltech.com/careers,Not published - use careers portal,Not published - apply via portal,https://www.linkedin.com/company/hcltech,IT Services / Cloud / App Modernisation,224000+,8,7,Not confirmed,Yes,Yes (TechBee + fresher intake),2026-06-14,https://www.hcltech.com/careers
Coforge,"Noida (HQ): 8, Software Technology Parks of India, Sector 62, Noida; also Greater Noida",https://www.google.com/maps/search/?api=1&query=Coforge+Sector+62+Noida,https://www.coforge.com/,https://careers.coforge.com/,Not published - use careers portal,Not published,https://www.linkedin.com/company/coforge,Digital Services / BFSI / Insurance,25000+,8,7,Not confirmed,Yes,Yes (Graduate Engineer Trainee 2026 drive),2026-06-14,https://careers.coforge.com/
Paytm (One97 Communications),"Noida (HQ): B-121, Sector 5, Noida 201301",https://www.google.com/maps/search/?api=1&query=Paytm+One97+Sector+5+Noida,https://paytm.com/,https://paytm.com/careers/,Not published - use careers portal,Not published,https://www.linkedin.com/company/paytm,Fintech / Digital Payments,10000+,7,8,Not confirmed,Yes,Yes (strong product/AI eng roles),2026-06-14,https://paytm.com/careers/
Adobe India,"Noida: A-01, Sector 132, Noida 201304 (major R&D centre)",https://www.google.com/maps/search/?api=1&query=Adobe+Sector+132+Noida,https://www.adobe.com/,https://careers.adobe.com/,Not published - use careers portal,Not published,https://www.linkedin.com/company/adobe,Creative & Digital Media Software,30000+,7,9,Not confirmed,Yes,Yes (competitive new-grad + intern hiring),2026-06-14,https://careers.adobe.com/
Samsung R&D Institute (SRI-Noida),"Noida: Logix Cyber Park, Tower C, Sector 62, Noida",https://www.google.com/maps/search/?api=1&query=Samsung+R%26D+Logix+Cyber+Park+Sector+62+Noida,https://www.samsung.com/in/,https://www.samsung.com/in/about-us/careers/,Not published - use careers portal,Not published,https://www.linkedin.com/company/samsung-electronics,Mobile / Embedded / AI Systems,5000+ (Noida R&D),7,9,Not confirmed,Yes,Yes,2026-06-14,https://www.samsung.com/in/about-us/careers/
GlobalLogic (Hitachi),"Noida (HQ): A-1, Sector 58, Noida 201301; also Gurugram",https://www.google.com/maps/search/?api=1&query=GlobalLogic+Sector+58+Noida,https://www.globallogic.com/,https://www.globallogic.com/career/,Not published - use careers portal,Not published,https://www.linkedin.com/company/globallogic,Digital Product Engineering,30000+,8,7,Not confirmed,Yes,Yes (large engineering fresher intake),2026-06-14,https://www.globallogic.com/career/
R Systems International,"Noida (HQ): C-40, Sector 59, Noida 201307",https://www.google.com/maps/search/?api=1&query=R+Systems+Sector+59+Noida,https://www.rsystems.com/,https://www.rsystems.com/careers/,Not published - use careers portal,Not published,https://www.linkedin.com/company/r-systems,Product Engineering / Data / Cloud,5000+,8,7,Not confirmed,Yes,Yes,2026-06-14,https://www.rsystems.com/careers/
EXL Service,"Noida (HQ): Plot No. 6 & 7, Sector 144, Noida; also Gurugram",https://www.google.com/maps/search/?api=1&query=EXL+Service+Sector+144+Noida,https://www.exlservice.com/,https://www.exlservice.com/careers,Not published - use careers portal,Not published,https://www.linkedin.com/company/exl,Data Analytics / AI / BPM,55000+,8,8,Not confirmed,Yes,Yes (strong analytics/AI fresher hiring),2026-06-14,https://www.exlservice.com/careers
Impressico Business Solutions,"Noida: H-65, Sector 63, Noida 201301",https://www.google.com/maps/search/?api=1&query=Impressico+Sector+63+Noida,https://www.impressico.com/,https://www.impressico.com/careers/,Not published - use careers portal,Not published,https://www.linkedin.com/company/impressico-business-solutions,Data Engineering / GenAI / Python Full-Stack,500-1000,8,8,Not confirmed,Yes,Yes (active 2024-26 grad drive - Trainee Engineer),2026-06-14,https://www.impressico.com/careers/
Genpact,"Gurugram (HQ): DLF Cyber City, Phase V, Gurugram; also Noida",https://www.google.com/maps/search/?api=1&query=Genpact+DLF+Cyber+City+Gurugram,https://www.genpact.com/,https://www.genpact.com/careers,Not published - use careers portal,Not published,https://www.linkedin.com/company/genpact,Data Analytics / Automation / BPM,125000+,8,7,Not confirmed,Yes,Yes,2026-06-14,https://www.genpact.com/careers
Amdocs,"Gurugram: DLF Cyber City / Sector 25, Gurugram",https://www.google.com/maps/search/?api=1&query=Amdocs+Gurugram,https://www.amdocs.com/,https://careers.amdocs.com/,Not published - use careers portal,Not published,https://www.linkedin.com/company/amdocs,Telecom Billing / CX Software,30000+,8,6,Not confirmed,Yes,Yes (regular new-grad software hiring),2026-06-14,https://careers.amdocs.com/
Nagarro (Gurugram),"Gurugram: Plot 19, Sector 44, Gurugram 122002",https://www.google.com/maps/search/?api=1&query=Nagarro+Sector+44+Gurugram,https://www.nagarro.com/,https://www.nagarro.com/en/careers/job-search,Not published - use careers portal,Not published,https://www.linkedin.com/company/nagarro,Digital Engineering / Agile Software,18000+,7,7,Yes,Yes,Yes,2026-06-14,https://www.nagarro.com/en/careers/job-search
Publicis Sapient,"Gurugram: DLF Cyber City; also Noida & Bengaluru",https://www.google.com/maps/search/?api=1&query=Publicis+Sapient+DLF+Cyber+City+Gurugram,https://www.publicissapient.com/,https://careers.publicissapient.com/,Not published - use careers portal,Not published,https://www.linkedin.com/company/publicissapient,Digital Transformation Consulting,24000+,7,7,Not confirmed,Yes,Yes,2026-06-14,https://careers.publicissapient.com/
Thoughtworks,"Gurugram: DLF Cyber City, Gurugram",https://www.google.com/maps/search/?api=1&query=Thoughtworks+Gurugram,https://www.thoughtworks.com/,https://www.thoughtworks.com/careers,Not published - use careers portal,Not published,https://www.linkedin.com/company/thoughtworks,Software Engineering / Consulting,10500+,7,7,Yes,Yes,Yes (2026 SE grad drive),2026-06-14,https://www.thoughtworks.com/careers
Zomato,"Gurugram (HQ): Tower A, Behind L&T Tower, DLF Phase 1, Gurugram",https://www.google.com/maps/search/?api=1&query=Zomato+DLF+Phase+1+Gurugram,https://www.zomato.com/,https://www.zomato.com/careers,Not published - use careers portal,Not published,https://www.linkedin.com/company/zomato,Food-Tech / Consumer Product,5000+,7,8,Not confirmed,Yes,Yes,2026-06-14,https://www.zomato.com/careers
MakeMyTrip,"Gurugram (HQ): Tower A & B, SP Infocity, Sector 30, Gurugram",https://www.google.com/maps/search/?api=1&query=MakeMyTrip+Sector+30+Gurugram,https://www.makemytrip.com/,https://careers.makemytrip.com/,Not published - use careers portal,Not published,https://www.linkedin.com/company/makemytrip,Travel-Tech / Consumer Product,3000+,7,7,Not confirmed,Yes,Yes,2026-06-14,https://careers.makemytrip.com/
Spinny,"Gurugram (HQ): Sector 44, Gurugram",https://www.google.com/maps/search/?api=1&query=Spinny+Sector+44+Gurugram,https://www.spinny.com/,https://www.spinny.com/careers/,Not published - use careers portal,Not published,https://www.linkedin.com/company/spinny,Auto-Tech / E-commerce Startup,3000+,7,7,Not confirmed,Yes,Yes,2026-06-14,https://www.spinny.com/careers/
Oracle India,"Noida & Gurugram (multiple development centres)",https://www.google.com/maps/search/?api=1&query=Oracle+India+Noida+Gurugram,https://www.oracle.com/in/,https://www.oracle.com/in/careers/,Not published - use careers portal,Not published,https://www.linkedin.com/company/oracle,Cloud Infra / Databases / Enterprise SW,20000+ (India),7,8,Not confirmed,Yes,Yes,2026-06-14,https://www.oracle.com/in/careers/
IBM India,"Gurugram & Noida (multiple sites)",https://www.google.com/maps/search/?api=1&query=IBM+India+Gurugram+Noida,https://www.ibm.com/in-en,https://www.ibm.com/careers/,Not published - use careers portal,Not published,https://www.linkedin.com/company/ibm,Consulting / Cloud / AI (watsonx),50000+ (India),7,8,Not confirmed,Yes,Yes (Associate System Engineer off-campus drive),2026-06-14,https://www.ibm.com/careers/
Accenture (NCR),"Gurugram & Noida (multiple delivery centres)",https://www.google.com/maps/search/?api=1&query=Accenture+Gurugram+Noida,https://www.accenture.com/in-en,https://www.accenture.com/in-en/careers,Not published - use careers portal,Not published,https://www.linkedin.com/company/accenture,Consulting / Cloud / Automation,733000+ (global),8,6,Not confirmed,Yes,Yes (very high ASE fresher volume),2026-06-14,https://www.accenture.com/in-en/careers

NCR_STARTUP_SECTION,"=== Mid-size DELHI-NCR product companies / startups (added 2026-06-14) - product-based (not services), generally more reachable for freshers than the IT giants above. Several publish a corporate phone (shown below); most still hire via their careers portal. Use the live-search buttons in Deliverable 3 to find current fresher/SDE-1/graduate openings at each.",,,,,,,,,,,,,,,,
IndiaMART InterMESH Ltd,"6th Floor, Tower 2, Assotech Business Cresterra, Plot 22, Sector 135, Noida 201305",https://www.google.com/maps/search/?api=1&query=Assotech+Business+Cresterra+Sector+135+Noida,https://www.indiamart.com/,https://careers.indiamart.com/,Not published - use careers portal,+91-120-6777800,https://www.linkedin.com/company/indiamart,B2B E-commerce Marketplace / SaaS,5000-7000,8,6,Not confirmed,Yes,Yes,2026-06-14,https://corporate.indiamart.com/branch-offices/
Info Edge (Naukri.com / 99acres),"B-8, Sector 132, near Jaypee Wishtown, Noida 201304",https://www.google.com/maps/search/?api=1&query=Info+Edge+B-8+Sector+132+Noida,https://www.infoedge.in/,https://www.infoedge.in/ (careers via naukri.com),Not published - use careers portal,+91-120-4841100,https://www.linkedin.com/company/info-edge-india-ltd,Internet Classifieds / Recruitment & Real-Estate Tech,7000+,8,6,Not confirmed,Yes,Yes,2026-06-14,https://www.infoedge.in/Contact/RegisteredCorporateOffice
PhysicsWallah (PW),"A-13/5 & Noida One, Sector 62, Noida 201309",https://www.google.com/maps/search/?api=1&query=PhysicsWallah+Noida+One+Sector+62+Noida,https://www.pw.live/,https://www.pw.live/careers,Not published - use careers portal,Not published - use pw.live/contact-us,https://www.linkedin.com/company/physicswallah,EdTech (online/offline/hybrid),5000+,7,6,Not confirmed,Yes,Yes,2026-06-14,https://www.pw.live/contact-us
Innovaccer,"2nd & 9th Floor, Tower 3, Candor Techspace, Sector 62, Noida 201309",https://www.google.com/maps/search/?api=1&query=Candor+Techspace+Sector+62+Noida+Innovaccer,https://innovaccer.com/,https://innovaccer.com/careers,Not published - use careers portal,Not published,https://www.linkedin.com/company/innovaccer,Healthcare AI / Data Analytics Cloud,1500+,7,9,Yes,Yes,Yes,2026-06-14,https://innovaccer.com/careers
Cars24,"Tower C, 7th Floor, SAS Towers, Medanta the Medicity, Sector 38, Gurugram 122001 (reg. office Sector 44)",https://www.google.com/maps/search/?api=1&query=SAS+Towers+Sector+38+Gurugram+Cars24,https://www.cars24.com/,https://www.cars24.com/careers/,Not published - use careers portal,Not published,https://www.linkedin.com/company/cars24,Auto-Tech / E-commerce (used cars),9000+,7,7,Not confirmed,Yes,Yes,2026-06-14,https://www.cars24.com/careers/
Urban Company,"7th & 8th Floor, Plot 183, Udyog Vihar Phase 1, Sector 20, Gurugram 122016",https://www.google.com/maps/search/?api=1&query=Urban+Company+Udyog+Vihar+Phase+1+Sector+20+Gurugram,https://www.urbancompany.com/,https://careers.urbancompany.com/,Not published - use careers portal,+91 124 4058254,https://in.linkedin.com/company/urbanclap.com-head-office-,Home Services Marketplace,3000+,7,7,Not confirmed,Yes,Yes,2026-06-14,https://craft.co/urbanclap/locations
MobiKwik (One MobiKwik Systems),"Unit 102, 1st Floor, Block-B, Pegasus One, Golf Course Road, Sector 53, Gurugram 122003",https://www.google.com/maps/search/?api=1&query=Pegasus+One+Golf+Course+Road+Sector+53+Gurugram,https://www.mobikwik.com/,https://www.mobikwik.com/careers,ta@mobikwik.com,Not published,https://in.linkedin.com/company/one-mobikwik-systems-private-limited,Fintech / Digital Payments,1000+,7,7,Not confirmed,Yes,Yes,2026-06-14,https://www.mobikwik.com/careers
Lenskart,"Ground Floor, Vipul Tech Square, Golf Course Road, Sector 42, Gurugram 122002",https://www.google.com/maps/search/?api=1&query=Vipul+Tech+Square+Sector+42+Gurugram+Lenskart,https://www.lenskart.com/,https://hiring.lenskart.com/,Not published - use careers portal,Not published,https://in.linkedin.com/company/lenskart-com,Eyewear Retail-Tech / E-commerce,5000+,7,7,Not confirmed,Yes,Yes,2026-06-14,https://hiring.lenskart.com/locations
Delhivery,"Plot 5, Sector 44 / DLF Cyber City, Gurugram 122002",https://www.google.com/maps/search/?api=1&query=Delhivery+Sector+44+Gurugram,https://www.delhivery.com/,https://www.delhivery.com/careers,Not published - use careers portal,+91-11-49058932,https://www.linkedin.com/company/delhivery,Logistics-Tech / Supply Chain (AI TMS),10000+,7,7,Not confirmed,Yes,Yes,2026-06-14,https://www.justdial.com/Gurgaon/Delhivery-Pvt-Ltd-Head-Office-Near-Ramanda-Hotel-Gurgaon-Sector-44/011PXX11-XX11-120518153127-F8Y5_BZDET
Cvent India,"Tower C & D, DLF Cyber City SEZ, Sector 24 & 25A, Gurugram 122002",https://www.google.com/maps/search/?api=1&query=Cvent+DLF+Cyber+City+Sector+25+Gurugram,https://www.cvent.com/,https://careers.cvent.com/,Not published - use careers portal,Not published,https://www.linkedin.com/company/cvent,Event / Hospitality SaaS,5500+,8,6,Not confirmed,Yes,Yes (recurring fresher off-campus drives),2026-06-14,https://careers.cvent.com/
Pristyn Care,"Tower B, DLF Cyber City, Sector 24, Gurugram; also 3rd Floor, Capital Cyberscape, Sector 59, Gurugram 122102",https://www.google.com/maps/search/?api=1&query=Pristyn+Care+Capital+Cyberscape+Sector+59+Gurugram,https://www.pristyncare.com/,https://www.pristyncare.com/company/careers/,Not published - use careers portal,Not published,https://in.linkedin.com/company/pristyncare,Healthtech / AI (surgery care),1700+,7,6,Yes,Yes,Yes,2026-06-14,https://www.pristyncare.com/company/careers/
